product_name,product_url,product_img_url,product_price
Marlowe,https://www.glassesshop.com/eyeglasses/sup0711,"data:image/gif;base64,R0lGODlhAQABAIAAAP///wAAACH5BAEAAAAALAAAAAABAAEAAAICRAEAOw==",$19.95
Ames,https://www.glassesshop.com/eyeglasses/fz1918,"data:image/gif;base64,R0lGODlhAQABAIAAAP///wAAACH5BAEAAAAALAAAAAABAAEAAAICRAEAOw==",$29.95
Water,https://www.glassesshop.com/eyeglasses/fp2468,"data:image/gif;base64,R0lGODlhAQABAIAAAP///wAAACH5BAEAAAAALAAAAAABAAEAAAICRAEAOw==",$29.95
Memphis,https://www.glassesshop.com/eyeglasses/fz1740,"data:image/gif;base64,R0lGODlhAQABAIAAAP///wAAACH5BAEAAAAALAAAAAABAAEAAAICRAEAOw==",$29.95
Amelia,https://www.glassesshop.com/eyeglasses/fm1553,"data:image/gif;base64,R0lGODlhAQABAIAAAP///wAAACH5BAEAAAAALAAAAAABAAEAAAICRAEAOw==",$34.95
Haywood,https://www.glassesshop.com/eyeglasses/fm1354,"data:image/gif;base64,R0lGODlhAQABAIAAAP///wAAACH5BAEAAAAALAAAAAABAAEAAAICRAEAOw==",$29.95
,,,
,,,
Taurus,https://www.glassesshop.com/eyeglasses/fp2043,"data:image/gif;base64,R0lGODlhAQABAIAAAP///wAAACH5BAEAAAAALAAAAAABAAEAAAICRAEAOw==",$24.95
Cooksville,https://www.glassesshop.com/eyeglasses/fp2010,"data:image/gif;base64,R0lGODlhAQABAIAAAP///wAAACH5BAEAAAAALAAAAAABAAEAAAICRAEAOw==",$12.95
Hannah,https://www.glassesshop.com/eyeglasses/fp2514,"data:image/gif;base64,R0lGODlhAQABAIAAAP///wAAACH5BAEAAAAALAAAAAABAAEAAAICRAEAOw==",$24.95
Lydia,https://www.glassesshop.com/eyeglasses/fp2434,"data:image/gif;base64,R0lGODlhAQABAIAAAP///wAAACH5BAEAAAAALAAAAAABAAEAAAICRAEAOw==",$19.95
Pasadena,https://www.glassesshop.com/eyeglasses/fp2520,"data:image/gif;base64,R0lGODlhAQABAIAAAP///wAAACH5BAEAAAAALAAAAAABAAEAAAICRAEAOw==",$12.48
Gulfport,https://www.glassesshop.com/eyeglasses/fp2106,"data:image/gif;base64,R0lGODlhAQABAIAAAP///wAAACH5BAEAAAAALAAAAAABAAEAAAICRAEAOw==",$19.95
,,,
Celia,https://www.glassesshop.com/eyeglasses/fm1387,"data:image/gif;base64,R0lGODlhAQABAIAAAP///wAAACH5BAEAAAAALAAAAAABAAEAAAICRAEAOw==",$19.95
Burke,https://www.glassesshop.com/eyeglasses/fm1244,"data:image/gif;base64,R0lGODlhAQABAIAAAP///wAAACH5BAEAAAAALAAAAAABAAEAAAICRAEAOw==",$24.95
Lyndon,https://www.glassesshop.com/eyeglasses/fm1286,"data:image/gif;base64,R0lGODlhAQABAIAAAP///wAAACH5BAEAAAAALAAAAAABAAEAAAICRAEAOw==",$19.95
Whittier,https://www.glassesshop.com/eyeglasses/fz1313,"data:image/gif;base64,R0lGODlhAQABAIAAAP///wAAACH5BAEAAAAALAAAAAABAAEAAAICRAEAOw==",$29.95
Evanston,https://www.glassesshop.com/eyeglasses/sup0791,"data:image/gif;base64,R0lGODlhAQABAIAAAP///wAAACH5BAEAAAAALAAAAAABAAEAAAICRAEAOw==",$24.95
Libra,https://www.glassesshop.com/eyeglasses/fp2047,"data:image/gif;base64,R0lGODlhAQABAIAAAP///wAAACH5BAEAAAAALAAAAAABAAEAAAICRAEAOw==",$24.95
,,,
Bronx,https://www.glassesshop.com/eyeglasses/fp1979,"data:image/gif;base64,R0lGODlhAQABAIAAAP///wAAACH5BAEAAAAALAAAAAABAAEAAAICRAEAOw==",$12.95
Bruno,https://www.glassesshop.com/eyeglasses/fp1506,"data:image/gif;base64,R0lGODlhAQABAIAAAP///wAAACH5BAEAAAAALAAAAAABAAEAAAICRAEAOw==",$19.95
Walnut,https://www.glassesshop.com/eyeglasses/sup0821,"data:image/gif;base64,R0lGODlhAQABAIAAAP///wAAACH5BAEAAAAALAAAAAABAAEAAAICRAEAOw==",$29.95
,,,
Prince,https://www.glassesshop.com/eyeglasses/fp1438,"data:image/gif;base64,R0lGODlhAQABAIAAAP///wAAACH5BAEAAAAALAAAAAABAAEAAAICRAEAOw==",$19.95
Oberlin,https://www.glassesshop.com/eyeglasses/fp2033,"data:image/gif;base64,R0lGODlhAQABAIAAAP///wAAACH5BAEAAAAALAAAAAABAAEAAAICRAEAOw==",$19.95
Leigh,https://www.glassesshop.com/eyeglasses/fz1368,"data:image/gif;base64,R0lGODlhAQABAIAAAP///wAAACH5BAEAAAAALAAAAAABAAEAAAICRAEAOw==",$29.95
Indianapolis,https://www.glassesshop.com/eyeglasses/fp2158,"data:image/gif;base64,R0lGODlhAQABAIAAAP///wAAACH5BAEAAAAALAAAAAABAAEAAAICRAEAOw==",$9.95
Flushing,https://www.glassesshop.com/eyeglasses/fp1972,"data:image/gif;base64,R0lGODlhAQABAIAAAP///wAAACH5BAEAAAAALAAAAAABAAEAAAICRAEAOw==",$12.95
Denise,https://www.glassesshop.com/eyeglasses/fp2298,"data:image/gif;base64,R0lGODlhAQABAIAAAP///wAAACH5BAEAAAAALAAAAAABAAEAAAICRAEAOw==",$24.94
Toledo,https://www.glassesshop.com/eyeglasses/fm1405,"data:image/gif;base64,R0lGODlhAQABAIAAAP///wAAACH5BAEAAAAALAAAAAABAAEAAAICRAEAOw==",$24.95
Dinah,https://www.glassesshop.com/eyeglasses/fp2445,"data:image/gif;base64,R0lGODlhAQABAIAAAP///wAAACH5BAEAAAAALAAAAAABAAEAAAICRAEAOw==",$24.95
Murphy,https://www.glassesshop.com/eyeglasses/fp1747,"data:image/gif;base64,R0lGODlhAQABAIAAAP///wAAACH5BAEAAAAALAAAAAABAAEAAAICRAEAOw==",$39.95
,,,
Derrick,https://www.glassesshop.com/eyeglasses/fp1661,"data:image/gif;base64,R0lGODlhAQABAIAAAP///wAAACH5BAEAAAAALAAAAAABAAEAAAICRAEAOw==",$24.95
Milne,https://www.glassesshop.com/eyeglasses/fz1358,"data:image/gif;base64,R0lGODlhAQABAIAAAP///wAAACH5BAEAAAAALAAAAAABAAEAAAICRAEAOw==",$29.95
Lexingto,https://www.glassesshop.com/eyeglasses/fp1694,"data:image/gif;base64,R0lGODlhAQABAIAAAP///wAAACH5BAEAAAAALAAAAAABAAEAAAICRAEAOw==",$19.95
Joplin,https://www.glassesshop.com/eyeglasses/fz1491,"data:image/gif;base64,R0lGODlhAQABAIAAAP///wAAACH5BAEAAAAALAAAAAABAAEAAAICRAEAOw==",$24.95
Christian,https://www.glassesshop.com/eyeglasses/sup0759,"data:image/gif;base64,R0lGODlhAQABAIAAAP///wAAACH5BAEAAAAALAAAAAABAAEAAAICRAEAOw==",$29.95
Vivian,https://www.glassesshop.com/eyeglasses/fz1250,"data:image/gif;base64,R0lGODlhAQABAIAAAP///wAAACH5BAEAAAAALAAAAAABAAEAAAICRAEAOw==",$29.95
Worcester,https://www.glassesshop.com/eyeglasses/fp2484,"data:image/gif;base64,R0lGODlhAQABAIAAAP///wAAACH5BAEAAAAALAAAAAABAAEAAAICRAEAOw==",$24.95
Modesto,https://www.glassesshop.com/eyeglasses/fm1654,"data:image/gif;base64,R0lGODlhAQABAIAAAP///wAAACH5BAEAAAAALAAAAAABAAEAAAICRAEAOw==",$24.95
Miami,https://www.glassesshop.com/eyeglasses/fz1391,"data:image/gif;base64,R0lGODlhAQABAIAAAP///wAAACH5BAEAAAAALAAAAAABAAEAAAICRAEAOw==",$29.95
Annabel,https://www.glassesshop.com/eyeglasses/ft0304,"data:image/gif;base64,R0lGODlhAQABAIAAAP///wAAACH5BAEAAAAALAAAAAABAAEAAAICRAEAOw==",$39.95
Aurora,https://www.glassesshop.com/eyeglasses/sup0795,"data:image/gif;base64,R0lGODlhAQABAIAAAP///wAAACH5BAEAAAAALAAAAAABAAEAAAICRAEAOw==",$29.95
Ezekiel,https://www.glassesshop.com/eyeglasses/fz1277,"data:image/gif;base64,R0lGODlhAQABAIAAAP///wAAACH5BAEAAAAALAAAAAABAAEAAAICRAEAOw==",$29.95
Butler,https://www.glassesshop.com/eyeglasses/fp1841,"data:image/gif;base64,R0lGODlhAQABAIAAAP///wAAACH5BAEAAAAALAAAAAABAAEAAAICRAEAOw==",$19.95
Richfield,https://www.glassesshop.com/eyeglasses/rm0307,"data:image/gif;base64,R0lGODlhAQABAIAAAP///wAAACH5BAEAAAAALAAAAAABAAEAAAICRAEAOw==",$29.95
Dove,https://www.glassesshop.com/eyeglasses/fp1727,"data:image/gif;base64,R0lGODlhAQABAIAAAP///wAAACH5BAEAAAAALAAAAAABAAEAAAICRAEAOw==",$34.95
Dominic,https://www.glassesshop.com/eyeglasses/fp2151,"data:image/gif;base64,R0lGODlhAQABAIAAAP///wAAACH5BAEAAAAALAAAAAABAAEAAAICRAEAOw==",$12.95
Asheville,https://www.glassesshop.com/eyeglasses/fp1991,"data:image/gif;base64,R0lGODlhAQABAIAAAP///wAAACH5BAEAAAAALAAAAAABAAEAAAICRAEAOw==",$12.95
Fresno,https://www.glassesshop.com/eyeglasses/fp2038,"data:image/gif;base64,R0lGODlhAQABAIAAAP///wAAACH5BAEAAAAALAAAAAABAAEAAAICRAEAOw==",$12.95
Wilker,https://www.glassesshop.com/eyeglasses/sup0622,"data:image/gif;base64,R0lGODlhAQABAIAAAP///wAAACH5BAEAAAAALAAAAAABAAEAAAICRAEAOw==",$29.95
Prairie,https://www.glassesshop.com/eyeglasses/fz1461,"data:image/gif;base64,R0lGODlhAQABAIAAAP///wAAACH5BAEAAAAALAAAAAABAAEAAAICRAEAOw==",$34.95
Niki,https://www.glassesshop.com/eyeglasses/fp2490,"data:image/gif;base64,R0lGODlhAQABAIAAAP///wAAACH5BAEAAAAALAAAAAABAAEAAAICRAEAOw==",$24.95
Uvalde,https://www.glassesshop.com/eyeglasses/sup1074,"data:image/gif;base64,R0lGODlhAQABAIAAAP///wAAACH5BAEAAAAALAAAAAABAAEAAAICRAEAOw==",$9.95
Althea,https://www.glassesshop.com/eyeglasses/fp2111,"data:image/gif;base64,R0lGODlhAQABAIAAAP///wAAACH5BAEAAAAALAAAAAABAAEAAAICRAEAOw==",$19.95
Megan,https://www.glassesshop.com/eyeglasses/sup0828,"data:image/gif;base64,R0lGODlhAQABAIAAAP///wAAACH5BAEAAAAALAAAAAABAAEAAAICRAEAOw==",$29.95
Endicott,https://www.glassesshop.com/eyeglasses/fz1392,"data:image/gif;base64,R0lGODlhAQABAIAAAP///wAAACH5BAEAAAAALAAAAAABAAEAAAICRAEAOw==",$29.95
Willie,https://www.glassesshop.com/eyeglasses/sm0862,"data:image/gif;base64,R0lGODlhAQABAIAAAP///wAAACH5BAEAAAAALAAAAAABAAEAAAICRAEAOw==",$19.95
Baldwin,https://www.glassesshop.com/eyeglasses/fp1619,"data:image/gif;base64,R0lGODlhAQABAIAAAP///wAAACH5BAEAAAAALAAAAAABAAEAAAICRAEAOw==",$19.95
Aubrey,https://www.glassesshop.com/eyeglasses/fm1711,"data:image/gif;base64,R0lGODlhAQABAIAAAP///wAAACH5BAEAAAAALAAAAAABAAEAAAICRAEAOw==",$24.95
Astrid,https://www.glassesshop.com/eyeglasses/fp1500,"data:image/gif;base64,R0lGODlhAQABAIAAAP///wAAACH5BAEAAAAALAAAAAABAAEAAAICRAEAOw==",$19.95
Hume,https://www.glassesshop.com/eyeglasses/fz1297,"data:image/gif;base64,R0lGODlhAQABAIAAAP///wAAACH5BAEAAAAALAAAAAABAAEAAAICRAEAOw==",$29.95
Alberta,https://www.glassesshop.com/eyeglasses/fp2319,"data:image/gif;base64,R0lGODlhAQABAIAAAP///wAAACH5BAEAAAAALAAAAAABAAEAAAICRAEAOw==",$9.95
Enoch,https://www.glassesshop.com/eyeglasses/fz1159,"data:image/gif;base64,R0lGODlhAQABAIAAAP///wAAACH5BAEAAAAALAAAAAABAAEAAAICRAEAOw==",$29.95
Michelle,https://www.glassesshop.com/eyeglasses/sup1175,"data:image/gif;base64,R0lGODlhAQABAIAAAP///wAAACH5BAEAAAAALAAAAAABAAEAAAICRAEAOw==",$29.95
Troy,https://www.glassesshop.com/eyeglasses/sup0907,"data:image/gif;base64,R0lGODlhAQABAIAAAP///wAAACH5BAEAAAAALAAAAAABAAEAAAICRAEAOw==",$24.95
Bernardino,https://www.glassesshop.com/eyeglasses/sup0749,"data:image/gif;base64,R0lGODlhAQABAIAAAP///wAAACH5BAEAAAAALAAAAAABAAEAAAICRAEAOw==",$24.95
Jacksonville,https://www.glassesshop.com/eyeglasses/fp2183,"data:image/gif;base64,R0lGODlhAQABAIAAAP///wAAACH5BAEAAAAALAAAAAABAAEAAAICRAEAOw==",$19.95
,,,
,,,
Bray,https://www.glassesshop.com/eyeglasses/fp1922,"data:image/gif;base64,R0lGODlhAQABAIAAAP///wAAACH5BAEAAAAALAAAAAABAAEAAAICRAEAOw==",$12.95
Genevieve,https://www.glassesshop.com/eyeglasses/fz1270,"data:image/gif;base64,R0lGODlhAQABAIAAAP///wAAACH5BAEAAAAALAAAAAABAAEAAAICRAEAOw==",$34.95
Watertown,https://www.glassesshop.com/eyeglasses/fp1804,"data:image/gif;base64,R0lGODlhAQABAIAAAP///wAAACH5BAEAAAAALAAAAAABAAEAAAICRAEAOw==",$19.95
Riverside,https://www.glassesshop.com/eyeglasses/fm1385,"data:image/gif;base64,R0lGODlhAQABAIAAAP///wAAACH5BAEAAAAALAAAAAABAAEAAAICRAEAOw==",$19.95
Pete,https://www.glassesshop.com/eyeglasses/fz1208,"data:image/gif;base64,R0lGODlhAQABAIAAAP///wAAACH5BAEAAAAALAAAAAABAAEAAAICRAEAOw==",$29.95
Joni,https://www.glassesshop.com/eyeglasses/fp2024,"data:image/gif;base64,R0lGODlhAQABAIAAAP///wAAACH5BAEAAAAALAAAAAABAAEAAAICRAEAOw==",$29.95
,,,
Gaskell,https://www.glassesshop.com/eyeglasses/sup0568,"data:image/gif;base64,R0lGODlhAQABAIAAAP///wAAACH5BAEAAAAALAAAAAABAAEAAAICRAEAOw==",$29.95
Omar,https://www.glassesshop.com/eyeglasses/fm1271,"data:image/gif;base64,R0lGODlhAQABAIAAAP///wAAACH5BAEAAAAALAAAAAABAAEAAAICRAEAOw==",$19.95
Roanoke,https://www.glassesshop.com/eyeglasses/sup1005,"data:image/gif;base64,R0lGODlhAQABAIAAAP///wAAACH5BAEAAAAALAAAAAABAAEAAAICRAEAOw==",$19.95
Chamomile,https://www.glassesshop.com/eyeglasses/sup1280,"data:image/gif;base64,R0lGODlhAQABAIAAAP///wAAACH5BAEAAAAALAAAAAABAAEAAAICRAEAOw==",$24.95
Annabelle,https://www.glassesshop.com/eyeglasses/fp2086,"data:image/gif;base64,R0lGODlhAQABAIAAAP///wAAACH5BAEAAAAALAAAAAABAAEAAAICRAEAOw==",$24.95
Trista,https://www.glassesshop.com/eyeglasses/sup1007,"data:image/gif;base64,R0lGODlhAQABAIAAAP///wAAACH5BAEAAAAALAAAAAABAAEAAAICRAEAOw==",$44.95
,,,
Vogt,https://www.glassesshop.com/eyeglasses/fz1320,"data:image/gif;base64,R0lGODlhAQABAIAAAP///wAAACH5BAEAAAAALAAAAAABAAEAAAICRAEAOw==",$29.95
Owensboro,https://www.glassesshop.com/eyeglasses/fp2195,"data:image/gif;base64,R0lGODlhAQABAIAAAP///wAAACH5BAEAAAAALAAAAAABAAEAAAICRAEAOw==",$12.95
Kitty,https://www.glassesshop.com/eyeglasses/fz1658,"data:image/gif;base64,R0lGODlhAQABAIAAAP///wAAACH5BAEAAAAALAAAAAABAAEAAAICRAEAOw==",$29.95
,,,
Hedy,https://www.glassesshop.com/eyeglasses/fz1734,"data:image/gif;base64,R0lGODlhAQABAIAAAP///wAAACH5BAEAAAAALAAAAAABAAEAAAICRAEAOw==",$14.98
Mark,https://www.glassesshop.com/eyeglasses/sm0937,"data:image/gif;base64,R0lGODlhAQABAIAAAP///wAAACH5BAEAAAAALAAAAAABAAEAAAICRAEAOw==",$29.95
Belle,https://www.glassesshop.com/eyeglasses/fp1768,"data:image/gif;base64,R0lGODlhAQABAIAAAP///wAAACH5BAEAAAAALAAAAAABAAEAAAICRAEAOw==",$19.95
Jean,https://www.glassesshop.com/eyeglasses/fp1717,"data:image/gif;base64,R0lGODlhAQABAIAAAP///wAAACH5BAEAAAAALAAAAAABAAEAAAICRAEAOw==",$24.95
Elroy,https://www.glassesshop.com/eyeglasses/sup1014,"data:image/gif;base64,R0lGODlhAQABAIAAAP///wAAACH5BAEAAAAALAAAAAABAAEAAAICRAEAOw==",$29.95
Grover,https://www.glassesshop.com/eyeglasses/fp1730,"data:image/gif;base64,R0lGODlhAQABAIAAAP///wAAACH5BAEAAAAALAAAAAABAAEAAAICRAEAOw==",$34.95
Evansville,https://www.glassesshop.com/eyeglasses/fp1363,"data:image/gif;base64,R0lGODlhAQABAIAAAP///wAAACH5BAEAAAAALAAAAAABAAEAAAICRAEAOw==",$19.95
TerreHaute,https://www.glassesshop.com/eyeglasses/sup1203,"data:image/gif;base64,R0lGODlhAQABAIAAAP///wAAACH5BAEAAAAALAAAAAABAAEAAAICRAEAOw==",$19.95
Dubois,https://www.glassesshop.com/eyeglasses/ft0326,"data:image/gif;base64,R0lGODlhAQABAIAAAP///wAAACH5BAEAAAAALAAAAAABAAEAAAICRAEAOw==",$49.95
,,,
Lopez,https://www.glassesshop.com/eyeglasses/fm1192,"data:image/gif;base64,R0lGODlhAQABAIAAAP///wAAACH5BAEAAAAALAAAAAABAAEAAAICRAEAOw==",$12.95
Debby,https://www.glassesshop.com/eyeglasses/fz1768,"data:image/gif;base64,R0lGODlhAQABAIAAAP///wAAACH5BAEAAAAALAAAAAABAAEAAAICRAEAOw==",$29.95
Felix,https://www.glassesshop.com/eyeglasses/fp1724,"data:image/gif;base64,R0lGODlhAQABAIAAAP///wAAACH5BAEAAAAALAAAAAABAAEAAAICRAEAOw==",$19.95
Rochester,https://www.glassesshop.com/eyeglasses/fm1382,"data:image/gif;base64,R0lGODlhAQABAIAAAP///wAAACH5BAEAAAAALAAAAAABAAEAAAICRAEAOw==",$29.95
Labrador,https://www.glassesshop.com/eyeglasses/fp1988,"data:image/gif;base64,R0lGODlhAQABAIAAAP///wAAACH5BAEAAAAALAAAAAABAAEAAAICRAEAOw==",$12.95
Arlene,https://www.glassesshop.com/eyeglasses/fp1764,"data:image/gif;base64,R0lGODlhAQABAIAAAP///wAAACH5BAEAAAAALAAAAAABAAEAAAICRAEAOw==",$24.95
Road,https://www.glassesshop.com/eyeglasses/spfm020,"data:image/gif;base64,R0lGODlhAQABAIAAAP///wAAACH5BAEAAAAALAAAAAABAAEAAAICRAEAOw==",$29.95
Bainbridge,https://www.glassesshop.com/eyeglasses/fp2186,"data:image/gif;base64,R0lGODlhAQABAIAAAP///wAAACH5BAEAAAAALAAAAAABAAEAAAICRAEAOw==",$19.95
Conrad,https://www.glassesshop.com/eyeglasses/sm0942,"data:image/gif;base64,R0lGODlhAQABAIAAAP///wAAACH5BAEAAAAALAAAAAABAAEAAAICRAEAOw==",$24.95
Jackson,https://www.glassesshop.com/eyeglasses/fp2248,"data:image/gif;base64,R0lGODlhAQABAIAAAP///wAAACH5BAEAAAAALAAAAAABAAEAAAICRAEAOw==",$24.95
Holt,https://www.glassesshop.com/eyeglasses/fp1401,"data:image/gif;base64,R0lGODlhAQABAIAAAP///wAAACH5BAEAAAAALAAAAAABAAEAAAICRAEAOw==",$19.95
Miranda,https://www.glassesshop.com/eyeglasses/fp2325,"data:image/gif;base64,R0lGODlhAQABAIAAAP///wAAACH5BAEAAAAALAAAAAABAAEAAAICRAEAOw==",$19.95
Mandy,https://www.glassesshop.com/eyeglasses/fz1090,"data:image/gif;base64,R0lGODlhAQABAIAAAP///wAAACH5BAEAAAAALAAAAAABAAEAAAICRAEAOw==",$29.95
Lambert,https://www.glassesshop.com/eyeglasses/fm1087,"data:image/gif;base64,R0lGODlhAQABAIAAAP///wAAACH5BAEAAAAALAAAAAABAAEAAAICRAEAOw==",$39.95
Martin,https://www.glassesshop.com/eyeglasses/sm0793,"data:image/gif;base64,R0lGODlhAQABAIAAAP///wAAACH5BAEAAAAALAAAAAABAAEAAAICRAEAOw==",$29.95
Barret,https://www.glassesshop.com/eyeglasses/fm1565,"data:image/gif;base64,R0lGODlhAQABAIAAAP///wAAACH5BAEAAAAALAAAAAABAAEAAAICRAEAOw==",$29.95
Joyce,https://www.glassesshop.com/eyeglasses/fp1505,"data:image/gif;base64,R0lGODlhAQABAIAAAP///wAAACH5BAEAAAAALAAAAAABAAEAAAICRAEAOw==",$19.95
Jerry,https://www.glassesshop.com/eyeglasses/fp1593,"data:image/gif;base64,R0lGODlhAQABAIAAAP///wAAACH5BAEAAAAALAAAAAABAAEAAAICRAEAOw==",$24.95
Orleans,https://www.glassesshop.com/eyeglasses/ft0459,"data:image/gif;base64,R0lGODlhAQABAIAAAP///wAAACH5BAEAAAAALAAAAAABAAEAAAICRAEAOw==",$49.95
Attis,https://www.glassesshop.com/eyeglasses/fm1394,"data:image/gif;base64,R0lGODlhAQABAIAAAP///wAAACH5BAEAAAAALAAAAAABAAEAAAICRAEAOw==",$24.95
Terre,https://www.glassesshop.com/eyeglasses/rm0247,"data:image/gif;base64,R0lGODlhAQABAIAAAP///wAAACH5BAEAAAAALAAAAAABAAEAAAICRAEAOw==",$32.95
Ames,https://www.glassesshop.com/eyeglasses/fz1918,"data:image/gif;base64,R0lGODlhAQABAIAAAP///wAAACH5BAEAAAAALAAAAAABAAEAAAICRAEAOw==",$29.95
Union,https://www.glassesshop.com/eyeglasses/fz1750,"data:image/gif;base64,R0lGODlhAQABAIAAAP///wAAACH5BAEAAAAALAAAAAABAAEAAAICRAEAOw==",$35.95
Egbert,https://www.glassesshop.com/eyeglasses/rm0288,"data:image/gif;base64,R0lGODlhAQABAIAAAP///wAAACH5BAEAAAAALAAAAAABAAEAAAICRAEAOw==",$54.95
Naperville,https://www.glassesshop.com/eyeglasses/fp2191,"data:image/gif;base64,R0lGODlhAQABAIAAAP///wAAACH5BAEAAAAALAAAAAABAAEAAAICRAEAOw==",$12.95
Woolf,https://www.glassesshop.com/eyeglasses/fp2491,"data:image/gif;base64,R0lGODlhAQABAIAAAP///wAAACH5BAEAAAAALAAAAAABAAEAAAICRAEAOw==",$24.95
Matthew,https://www.glassesshop.com/eyeglasses/sm0753,"data:image/gif;base64,R0lGODlhAQABAIAAAP///wAAACH5BAEAAAAALAAAAAABAAEAAAICRAEAOw==",$39.95
Niagara,https://www.glassesshop.com/eyeglasses/ft0525,"data:image/gif;base64,R0lGODlhAQABAIAAAP///wAAACH5BAEAAAAALAAAAAABAAEAAAICRAEAOw==",$45.95
Vanessa,https://www.glassesshop.com/eyeglasses/fp2565,"data:image/gif;base64,R0lGODlhAQABAIAAAP///wAAACH5BAEAAAAALAAAAAABAAEAAAICRAEAOw==",$24.95
Pangnirtung,https://www.glassesshop.com/eyeglasses/sup1234,"data:image/gif;base64,R0lGODlhAQABAIAAAP///wAAACH5BAEAAAAALAAAAAABAAEAAAICRAEAOw==",$34.95
Ely,https://www.glassesshop.com/eyeglasses/sup0997,"data:image/gif;base64,R0lGODlhAQABAIAAAP///wAAACH5BAEAAAAALAAAAAABAAEAAAICRAEAOw==",$29.95
Altoona,https://www.glassesshop.com/eyeglasses/fz1913,"data:image/gif;base64,R0lGODlhAQABAIAAAP///wAAACH5BAEAAAAALAAAAAABAAEAAAICRAEAOw==",$29.95
Coolidge,https://www.glassesshop.com/eyeglasses/fp1168,"data:image/gif;base64,R0lGODlhAQABAIAAAP///wAAACH5BAEAAAAALAAAAAABAAEAAAICRAEAOw==",$5.95
Norfolk,https://www.glassesshop.com/eyeglasses/fm1462,"data:image/gif;base64,R0lGODlhAQABAIAAAP///wAAACH5BAEAAAAALAAAAAABAAEAAAICRAEAOw==",$34.95
Sid,https://www.glassesshop.com/eyeglasses/sup0509,"data:image/gif;base64,R0lGODlhAQABAIAAAP///wAAACH5BAEAAAAALAAAAAABAAEAAAICRAEAOw==",$34.95
Buckeye,https://www.glassesshop.com/eyeglasses/fz1094,"data:image/gif;base64,R0lGODlhAQABAIAAAP///wAAACH5BAEAAAAALAAAAAABAAEAAAICRAEAOw==",$29.95
,,,
,,,
Lina,https://www.glassesshop.com/eyeglasses/fz1806,"data:image/gif;base64,R0lGODlhAQABAIAAAP///wAAACH5BAEAAAAALAAAAAABAAEAAAICRAEAOw==",$29.95
Lindsay,https://www.glassesshop.com/eyeglasses/fz1382,"data:image/gif;base64,R0lGODlhAQABAIAAAP///wAAACH5BAEAAAAALAAAAAABAAEAAAICRAEAOw==",$29.95
Abina,https://www.glassesshop.com/eyeglasses/fp1938,"data:image/gif;base64,R0lGODlhAQABAIAAAP///wAAACH5BAEAAAAALAAAAAABAAEAAAICRAEAOw==",$19.95
Stephen,https://www.glassesshop.com/eyeglasses/sm0896,"data:image/gif;base64,R0lGODlhAQABAIAAAP///wAAACH5BAEAAAAALAAAAAABAAEAAAICRAEAOw==",$12.95
Zenobia,https://www.glassesshop.com/eyeglasses/sup1229,"data:image/gif;base64,R0lGODlhAQABAIAAAP///wAAACH5BAEAAAAALAAAAAABAAEAAAICRAEAOw==",$24.94
Caroline,https://www.glassesshop.com/eyeglasses/fm1588,"data:image/gif;base64,R0lGODlhAQABAIAAAP///wAAACH5BAEAAAAALAAAAAABAAEAAAICRAEAOw==",$19.95
,,,
Payne,https://www.glassesshop.com/eyeglasses/fm1297,"data:image/gif;base64,R0lGODlhAQABAIAAAP///wAAACH5BAEAAAAALAAAAAABAAEAAAICRAEAOw==",$29.95
Owen,https://www.glassesshop.com/eyeglasses/fp1651,"data:image/gif;base64,R0lGODlhAQABAIAAAP///wAAACH5BAEAAAAALAAAAAABAAEAAAICRAEAOw==",$19.95
Mobile,https://www.glassesshop.com/eyeglasses/ft0360,"data:image/gif;base64,R0lGODlhAQABAIAAAP///wAAACH5BAEAAAAALAAAAAABAAEAAAICRAEAOw==",$39.95
Ethel,https://www.glassesshop.com/eyeglasses/fp2546,"data:image/gif;base64,R0lGODlhAQABAIAAAP///wAAACH5BAEAAAAALAAAAAABAAEAAAICRAEAOw==",$24.95
Monterey,https://www.glassesshop.com/eyeglasses/sup1183,"data:image/gif;base64,R0lGODlhAQABAIAAAP///wAAACH5BAEAAAAALAAAAAABAAEAAAICRAEAOw==",$19.95
Geraldine,https://www.glassesshop.com/eyeglasses/sup1251,"data:image/gif;base64,R0lGODlhAQABAIAAAP///wAAACH5BAEAAAAALAAAAAABAAEAAAICRAEAOw==",$29.95
,,,
Marlowe,https://www.glassesshop.com/eyeglasses/sup0711,"data:image/gif;base64,R0lGODlhAQABAIAAAP///wAAACH5BAEAAAAALAAAAAABAAEAAAICRAEAOw==",$19.95
Hillsborough,https://www.glassesshop.com/eyeglasses/fp0989,"data:image/gif;base64,R0lGODlhAQABAIAAAP///wAAACH5BAEAAAAALAAAAAABAAEAAAICRAEAOw==",$19.95
Fitchburg,https://www.glassesshop.com/eyeglasses/fp2390,"data:image/gif;base64,R0lGODlhAQABAIAAAP///wAAACH5BAEAAAAALAAAAAABAAEAAAICRAEAOw==",$24.95
,,,
Wilsen,https://www.glassesshop.com/eyeglasses/fz1315,"data:image/gif;base64,R0lGODlhAQABAIAAAP///wAAACH5BAEAAAAALAAAAAABAAEAAAICRAEAOw==",$29.95
Nicole,https://www.glassesshop.com/eyeglasses/fz1083,"data:image/gif;base64,R0lGODlhAQABAIAAAP///wAAACH5BAEAAAAALAAAAAABAAEAAAICRAEAOw==",$29.95
BowlingGreen,https://www.glassesshop.com/eyeglasses/fp0917,"data:image/gif;base64,R0lGODlhAQABAIAAAP///wAAACH5BAEAAAAALAAAAAABAAEAAAICRAEAOw==",$29.95
Huntsville,https://www.glassesshop.com/eyeglasses/sup1077,"data:image/gif;base64,R0lGODlhAQABAIAAAP///wAAACH5BAEAAAAALAAAAAABAAEAAAICRAEAOw==",$29.95
Yvette,https://www.glassesshop.com/eyeglasses/fp2561,"data:image/gif;base64,R0lGODlhAQABAIAAAP///wAAACH5BAEAAAAALAAAAAABAAEAAAICRAEAOw==",$24.94
Creston,https://www.glassesshop.com/eyeglasses/fz1687,"data:image/gif;base64,R0lGODlhAQABAIAAAP///wAAACH5BAEAAAAALAAAAAABAAEAAAICRAEAOw==",$29.95
John,https://www.glassesshop.com/eyeglasses/fm1669,"data:image/gif;base64,R0lGODlhAQABAIAAAP///wAAACH5BAEAAAAALAAAAAABAAEAAAICRAEAOw==",$29.95
Yonkers,https://www.glassesshop.com/eyeglasses/fp1986,"data:image/gif;base64,R0lGODlhAQABAIAAAP///wAAACH5BAEAAAAALAAAAAABAAEAAAICRAEAOw==",$12.95
Hawthorn,https://www.glassesshop.com/eyeglasses/fm1350,"data:image/gif;base64,R0lGODlhAQABAIAAAP///wAAACH5BAEAAAAALAAAAAABAAEAAAICRAEAOw==",$29.95
,,,
Osborn,https://www.glassesshop.com/eyeglasses/fz1710,"data:image/gif;base64,R0lGODlhAQABAIAAAP///wAAACH5BAEAAAAALAAAAAABAAEAAAICRAEAOw==",$34.95
Marcia,https://www.glassesshop.com/eyeglasses/fp2557,"data:image/gif;base64,R0lGODlhAQABAIAAAP///wAAACH5BAEAAAAALAAAAAABAAEAAAICRAEAOw==",$24.95
Robben,https://www.glassesshop.com/eyeglasses/ft0242,"data:image/gif;base64,R0lGODlhAQABAIAAAP///wAAACH5BAEAAAAALAAAAAABAAEAAAICRAEAOw==",$39.95
Barstow,https://www.glassesshop.com/eyeglasses/sup1092,"data:image/gif;base64,R0lGODlhAQABAIAAAP///wAAACH5BAEAAAAALAAAAAABAAEAAAICRAEAOw==",$29.95
Poppy,https://www.glassesshop.com/eyeglasses/fz1573,"data:image/gif;base64,R0lGODlhAQABAIAAAP///wAAACH5BAEAAAAALAAAAAABAAEAAAICRAEAOw==",$29.95
Adam,https://www.glassesshop.com/eyeglasses/fp1543,"data:image/gif;base64,R0lGODlhAQABAIAAAP///wAAACH5BAEAAAAALAAAAAABAAEAAAICRAEAOw==",$24.95
Elva,https://www.glassesshop.com/eyeglasses/fp2453,"data:image/gif;base64,R0lGODlhAQABAIAAAP///wAAACH5BAEAAAAALAAAAAABAAEAAAICRAEAOw==",$24.95
Wilcox,https://www.glassesshop.com/eyeglasses/fp2494,"data:image/gif;base64,R0lGODlhAQABAIAAAP///wAAACH5BAEAAAAALAAAAAABAAEAAAICRAEAOw==",$24.95
Zora,https://www.glassesshop.com/eyeglasses/sup1235,"data:image/gif;base64,R0lGODlhAQABAIAAAP///wAAACH5BAEAAAAALAAAAAABAAEAAAICRAEAOw==",$29.95
Rouge,https://www.glassesshop.com/eyeglasses/fm1573,"data:image/gif;base64,R0lGODlhAQABAIAAAP///wAAACH5BAEAAAAALAAAAAABAAEAAAICRAEAOw==",$12.95
Baltimore,https://www.glassesshop.com/eyeglasses/fp2109,"data:image/gif;base64,R0lGODlhAQABAIAAAP///wAAACH5BAEAAAAALAAAAAABAAEAAAICRAEAOw==",$19.95
Newark,https://www.glassesshop.com/eyeglasses/fm1372,"data:image/gif;base64,R0lGODlhAQABAIAAAP///wAAACH5BAEAAAAALAAAAAABAAEAAAICRAEAOw==",$24.95
Lagrange,https://www.glassesshop.com/eyeglasses/fz1858,"data:image/gif;base64,R0lGODlhAQABAIAAAP///wAAACH5BAEAAAAALAAAAAABAAEAAAICRAEAOw==",$29.95
Salisbury,https://www.glassesshop.com/eyeglasses/fp2105,"data:image/gif;base64,R0lGODlhAQABAIAAAP///wAAACH5BAEAAAAALAAAAAABAAEAAAICRAEAOw==",$19.95
Bowen,https://www.glassesshop.com/eyeglasses/sm0903,"data:image/gif;base64,R0lGODlhAQABAIAAAP///wAAACH5BAEAAAAALAAAAAABAAEAAAICRAEAOw==",$29.95
AnnArbor,https://www.glassesshop.com/eyeglasses/rm0310,"data:image/gif;base64,R0lGODlhAQABAIAAAP///wAAACH5BAEAAAAALAAAAAABAAEAAAICRAEAOw==",$29.95
Iowa,https://www.glassesshop.com/eyeglasses/fz1015,"data:image/gif;base64,R0lGODlhAQABAIAAAP///wAAACH5BAEAAAAALAAAAAABAAEAAAICRAEAOw==",$29.95
Doris,https://www.glassesshop.com/eyeglasses/fp2526,"data:image/gif;base64,R0lGODlhAQABAIAAAP///wAAACH5BAEAAAAALAAAAAABAAEAAAICRAEAOw==",$29.95
Bellevue,https://www.glassesshop.com/eyeglasses/fz1892,"data:image/gif;base64,R0lGODlhAQABAIAAAP///wAAACH5BAEAAAAALAAAAAABAAEAAAICRAEAOw==",$29.95
Orlando,https://www.glassesshop.com/eyeglasses/fp2270,"data:image/gif;base64,R0lGODlhAQABAIAAAP///wAAACH5BAEAAAAALAAAAAABAAEAAAICRAEAOw==",$12.95
Hopkinsville,https://www.glassesshop.com/eyeglasses/ft0465,"data:image/gif;base64,R0lGODlhAQABAIAAAP///wAAACH5BAEAAAAALAAAAAABAAEAAAICRAEAOw==",$44.95
Barlow,https://www.glassesshop.com/eyeglasses/sm0933,"data:image/gif;base64,R0lGODlhAQABAIAAAP///wAAACH5BAEAAAAALAAAAAABAAEAAAICRAEAOw==",$29.95
Glenview,https://www.glassesshop.com/eyeglasses/ft0364,"data:image/gif;base64,R0lGODlhAQABAIAAAP///wAAACH5BAEAAAAALAAAAAABAAEAAAICRAEAOw==",$49.95
Bobosa,https://www.glassesshop.com/eyeglasses/fz1374,"data:image/gif;base64,R0lGODlhAQABAIAAAP///wAAACH5BAEAAAAALAAAAAABAAEAAAICRAEAOw==",$29.95
Westlake,https://www.glassesshop.com/eyeglasses/fz1437,"data:image/gif;base64,R0lGODlhAQABAIAAAP///wAAACH5BAEAAAAALAAAAAABAAEAAAICRAEAOw==",$44.95
Cedric,https://www.glassesshop.com/eyeglasses/fm1715,"data:image/gif;base64,R0lGODlhAQABAIAAAP///wAAACH5BAEAAAAALAAAAAABAAEAAAICRAEAOw==",$24.95
Cloud,https://www.glassesshop.com/eyeglasses/sup1239,"data:image/gif;base64,R0lGODlhAQABAIAAAP///wAAACH5BAEAAAAALAAAAAABAAEAAAICRAEAOw==",$45.95
Mandel,https://www.glassesshop.com/eyeglasses/st0257,"data:image/gif;base64,R0lGODlhAQABAIAAAP///wAAACH5BAEAAAAALAAAAAABAAEAAAICRAEAOw==",$49.95
Kissimmee,https://www.glassesshop.com/eyeglasses/fz1561,"data:image/gif;base64,R0lGODlhAQABAIAAAP///wAAACH5BAEAAAAALAAAAAABAAEAAAICRAEAOw==",$12.95
Gadsden,https://www.glassesshop.com/eyeglasses/rm0304,"data:image/gif;base64,R0lGODlhAQABAIAAAP///wAAACH5BAEAAAAALAAAAAABAAEAAAICRAEAOw==",$29.95
Celeste,https://www.glassesshop.com/eyeglasses/fm1471,"data:image/gif;base64,R0lGODlhAQABAIAAAP///wAAACH5BAEAAAAALAAAAAABAAEAAAICRAEAOw==",$34.95
Teresa,https://www.glassesshop.com/eyeglasses/sup1006,"data:image/gif;base64,R0lGODlhAQABAIAAAP///wAAACH5BAEAAAAALAAAAAABAAEAAAICRAEAOw==",$29.95
Audrey,https://www.glassesshop.com/eyeglasses/fp2100,"data:image/gif;base64,R0lGODlhAQABAIAAAP///wAAACH5BAEAAAAALAAAAAABAAEAAAICRAEAOw==",$0.99
Benjamin,https://www.glassesshop.com/eyeglasses/fm1465,"data:image/gif;base64,R0lGODlhAQABAIAAAP///wAAACH5BAEAAAAALAAAAAABAAEAAAICRAEAOw==",$29.95
Waukegan,https://www.glassesshop.com/eyeglasses/fz1900,"data:image/gif;base64,R0lGODlhAQABAIAAAP///wAAACH5BAEAAAAALAAAAAABAAEAAAICRAEAOw==",$29.95
Charlotte,https://www.glassesshop.com/eyeglasses/sup1217,"data:image/gif;base64,R0lGODlhAQABAIAAAP///wAAACH5BAEAAAAALAAAAAABAAEAAAICRAEAOw==",$29.95
,,,
,,,
Nina,https://www.glassesshop.com/eyeglasses/fz1793,"data:image/gif;base64,R0lGODlhAQABAIAAAP///wAAACH5BAEAAAAALAAAAAABAAEAAAICRAEAOw==",$19.95
Alvin,https://www.glassesshop.com/eyeglasses/ft0558,"data:image/gif;base64,R0lGODlhAQABAIAAAP///wAAACH5BAEAAAAALAAAAAABAAEAAAICRAEAOw==",$54.95
Scranton,https://www.glassesshop.com/eyeglasses/ft0416,"data:image/gif;base64,R0lGODlhAQABAIAAAP///wAAACH5BAEAAAAALAAAAAABAAEAAAICRAEAOw==",$34.95
Manhattan,https://www.glassesshop.com/eyeglasses/ft0425,"data:image/gif;base64,R0lGODlhAQABAIAAAP///wAAACH5BAEAAAAALAAAAAABAAEAAAICRAEAOw==",$44.95
Peekskill,https://www.glassesshop.com/eyeglasses/ft0358,"data:image/gif;base64,R0lGODlhAQABAIAAAP///wAAACH5BAEAAAAALAAAAAABAAEAAAICRAEAOw==",$44.95
Edgar,https://www.glassesshop.com/eyeglasses/fm1608,"data:image/gif;base64,R0lGODlhAQABAIAAAP///wAAACH5BAEAAAAALAAAAAABAAEAAAICRAEAOw==",$35.95
,,,
Brunswick,https://www.glassesshop.com/eyeglasses/fm1017,"data:image/gif;base64,R0lGODlhAQABAIAAAP///wAAACH5BAEAAAAALAAAAAABAAEAAAICRAEAOw==",$29.95
product_name,product_url,product_img_url,product_price
Chamomile,https://www.glassesshop.com/eyeglasses/sup1280,"data:image/gif;base64,R0lGODlhAQABAIAAAP///wAAACH5BAEAAAAALAAAAAABAAEAAAICRAEAOw==",$24.95
Prairie,https://www.glassesshop.com/eyeglasses/fz1461,"data:image/gif;base64,R0lGODlhAQABAIAAAP///wAAACH5BAEAAAAALAAAAAABAAEAAAICRAEAOw==",$34.95
Water,https://www.glassesshop.com/eyeglasses/fp2468,"data:image/gif;base64,R0lGODlhAQABAIAAAP///wAAACH5BAEAAAAALAAAAAABAAEAAAICRAEAOw==",$29.95
Memphis,https://www.glassesshop.com/eyeglasses/fz1740,"data:image/gif;base64,R0lGODlhAQABAIAAAP///wAAACH5BAEAAAAALAAAAAABAAEAAAICRAEAOw==",$29.95
Amelia,https://www.glassesshop.com/eyeglasses/fm1553,"data:image/gif;base64,R0lGODlhAQABAIAAAP///wAAACH5BAEAAAAALAAAAAABAAEAAAICRAEAOw==",$34.95
Niagara,https://www.glassesshop.com/eyeglasses/ft0525,"data:image/gif;base64,R0lGODlhAQABAIAAAP///wAAACH5BAEAAAAALAAAAAABAAEAAAICRAEAOw==",$45.95
,,,
,,,
Taurus,https://www.glassesshop.com/eyeglasses/fp2043,"data:image/gif;base64,R0lGODlhAQABAIAAAP///wAAACH5BAEAAAAALAAAAAABAAEAAAICRAEAOw==",$24.95
Haywood,https://www.glassesshop.com/eyeglasses/fm1354,"data:image/gif;base64,R0lGODlhAQABAIAAAP///wAAACH5BAEAAAAALAAAAAABAAEAAAICRAEAOw==",$29.95
Cooksville,https://www.glassesshop.com/eyeglasses/fp2010,"data:image/gif;base64,R0lGODlhAQABAIAAAP///wAAACH5BAEAAAAALAAAAAABAAEAAAICRAEAOw==",$12.95
Hannah,https://www.glassesshop.com/eyeglasses/fp2514,"data:image/gif;base64,R0lGODlhAQABAIAAAP///wAAACH5BAEAAAAALAAAAAABAAEAAAICRAEAOw==",$24.95
Lydia,https://www.glassesshop.com/eyeglasses/fp2434,"data:image/gif;base64,R0lGODlhAQABAIAAAP///wAAACH5BAEAAAAALAAAAAABAAEAAAICRAEAOw==",$19.95
Pasadena,https://www.glassesshop.com/eyeglasses/fp2520,"data:image/gif;base64,R0lGODlhAQABAIAAAP///wAAACH5BAEAAAAALAAAAAABAAEAAAICRAEAOw==",$12.48
,,,
Gulfport,https://www.glassesshop.com/eyeglasses/fp2106,"data:image/gif;base64,R0lGODlhAQABAIAAAP///wAAACH5BAEAAAAALAAAAAABAAEAAAICRAEAOw==",$19.95
Celia,https://www.glassesshop.com/eyeglasses/fm1387,"data:image/gif;base64,R0lGODlhAQABAIAAAP///wAAACH5BAEAAAAALAAAAAABAAEAAAICRAEAOw==",$19.95
Burke,https://www.glassesshop.com/eyeglasses/fm1244,"data:image/gif;base64,R0lGODlhAQABAIAAAP///wAAACH5BAEAAAAALAAAAAABAAEAAAICRAEAOw==",$24.95
Lyndon,https://www.glassesshop.com/eyeglasses/fm1286,"data:image/gif;base64,R0lGODlhAQABAIAAAP///wAAACH5BAEAAAAALAAAAAABAAEAAAICRAEAOw==",$19.95
Whittier,https://www.glassesshop.com/eyeglasses/fz1313,"data:image/gif;base64,R0lGODlhAQABAIAAAP///wAAACH5BAEAAAAALAAAAAABAAEAAAICRAEAOw==",$29.95
Evanston,https://www.glassesshop.com/eyeglasses/sup0791,"data:image/gif;base64,R0lGODlhAQABAIAAAP///wAAACH5BAEAAAAALAAAAAABAAEAAAICRAEAOw==",$24.95
,,,
Libra,https://www.glassesshop.com/eyeglasses/fp2047,"data:image/gif;base64,R0lGODlhAQABAIAAAP///wAAACH5BAEAAAAALAAAAAABAAEAAAICRAEAOw==",$24.95
Bronx,https://www.glassesshop.com/eyeglasses/fp1979,"data:image/gif;base64,R0lGODlhAQABAIAAAP///wAAACH5BAEAAAAALAAAAAABAAEAAAICRAEAOw==",$12.95
Bruno,https://www.glassesshop.com/eyeglasses/fp1506,"data:image/gif;base64,R0lGODlhAQABAIAAAP///wAAACH5BAEAAAAALAAAAAABAAEAAAICRAEAOw==",$19.95
,,,
Walnut,https://www.glassesshop.com/eyeglasses/sup0821,"data:image/gif;base64,R0lGODlhAQABAIAAAP///wAAACH5BAEAAAAALAAAAAABAAEAAAICRAEAOw==",$29.95
Prince,https://www.glassesshop.com/eyeglasses/fp1438,"data:image/gif;base64,R0lGODlhAQABAIAAAP///wAAACH5BAEAAAAALAAAAAABAAEAAAICRAEAOw==",$19.95
Oberlin,https://www.glassesshop.com/eyeglasses/fp2033,"data:image/gif;base64,R0lGODlhAQABAIAAAP///wAAACH5BAEAAAAALAAAAAABAAEAAAICRAEAOw==",$19.95
Leigh,https://www.glassesshop.com/eyeglasses/fz1368,"data:image/gif;base64,R0lGODlhAQABAIAAAP///wAAACH5BAEAAAAALAAAAAABAAEAAAICRAEAOw==",$29.95
Indianapolis,https://www.glassesshop.com/eyeglasses/fp2158,"data:image/gif;base64,R0lGODlhAQABAIAAAP///wAAACH5BAEAAAAALAAAAAABAAEAAAICRAEAOw==",$9.95
Flushing,https://www.glassesshop.com/eyeglasses/fp1972,"data:image/gif;base64,R0lGODlhAQABAIAAAP///wAAACH5BAEAAAAALAAAAAABAAEAAAICRAEAOw==",$12.95
Denise,https://www.glassesshop.com/eyeglasses/fp2298,"data:image/gif;base64,R0lGODlhAQABAIAAAP///wAAACH5BAEAAAAALAAAAAABAAEAAAICRAEAOw==",$24.94
Toledo,https://www.glassesshop.com/eyeglasses/fm1405,"data:image/gif;base64,R0lGODlhAQABAIAAAP///wAAACH5BAEAAAAALAAAAAABAAEAAAICRAEAOw==",$24.95
Dinah,https://www.glassesshop.com/eyeglasses/fp2445,"data:image/gif;base64,R0lGODlhAQABAIAAAP///wAAACH5BAEAAAAALAAAAAABAAEAAAICRAEAOw==",$24.95
,,,
Murphy,https://www.glassesshop.com/eyeglasses/fp1747,"data:image/gif;base64,R0lGODlhAQABAIAAAP///wAAACH5BAEAAAAALAAAAAABAAEAAAICRAEAOw==",$39.95
Derrick,https://www.glassesshop.com/eyeglasses/fp1661,"data:image/gif;base64,R0lGODlhAQABAIAAAP///wAAACH5BAEAAAAALAAAAAABAAEAAAICRAEAOw==",$24.95
Milne,https://www.glassesshop.com/eyeglasses/fz1358,"data:image/gif;base64,R0lGODlhAQABAIAAAP///wAAACH5BAEAAAAALAAAAAABAAEAAAICRAEAOw==",$29.95
Lexingto,https://www.glassesshop.com/eyeglasses/fp1694,"data:image/gif;base64,R0lGODlhAQABAIAAAP///wAAACH5BAEAAAAALAAAAAABAAEAAAICRAEAOw==",$19.95
Joplin,https://www.glassesshop.com/eyeglasses/fz1491,"data:image/gif;base64,R0lGODlhAQABAIAAAP///wAAACH5BAEAAAAALAAAAAABAAEAAAICRAEAOw==",$24.95
Christian,https://www.glassesshop.com/eyeglasses/sup0759,"data:image/gif;base64,R0lGODlhAQABAIAAAP///wAAACH5BAEAAAAALAAAAAABAAEAAAICRAEAOw==",$29.95
Vivian,https://www.glassesshop.com/eyeglasses/fz1250,"data:image/gif;base64,R0lGODlhAQABAIAAAP///wAAACH5BAEAAAAALAAAAAABAAEAAAICRAEAOw==",$29.95
Worcester,https://www.glassesshop.com/eyeglasses/fp2484,"data:image/gif;base64,R0lGODlhAQABAIAAAP///wAAACH5BAEAAAAALAAAAAABAAEAAAICRAEAOw==",$24.95
Modesto,https://www.glassesshop.com/eyeglasses/fm1654,"data:image/gif;base64,R0lGODlhAQABAIAAAP///wAAACH5BAEAAAAALAAAAAABAAEAAAICRAEAOw==",$24.95
Miami,https://www.glassesshop.com/eyeglasses/fz1391,"data:image/gif;base64,R0lGODlhAQABAIAAAP///wAAACH5BAEAAAAALAAAAAABAAEAAAICRAEAOw==",$29.95
Annabel,https://www.glassesshop.com/eyeglasses/ft0304,"data:image/gif;base64,R0lGODlhAQABAIAAAP///wAAACH5BAEAAAAALAAAAAABAAEAAAICRAEAOw==",$39.95
Aurora,https://www.glassesshop.com/eyeglasses/sup0795,"data:image/gif;base64,R0lGODlhAQABAIAAAP///wAAACH5BAEAAAAALAAAAAABAAEAAAICRAEAOw==",$29.95
Ezekiel,https://www.glassesshop.com/eyeglasses/fz1277,"data:image/gif;base64,R0lGODlhAQABAIAAAP///wAAACH5BAEAAAAALAAAAAABAAEAAAICRAEAOw==",$29.95
Butler,https://www.glassesshop.com/eyeglasses/fp1841,"data:image/gif;base64,R0lGODlhAQABAIAAAP///wAAACH5BAEAAAAALAAAAAABAAEAAAICRAEAOw==",$19.95
Richfield,https://www.glassesshop.com/eyeglasses/rm0307,"data:image/gif;base64,R0lGODlhAQABAIAAAP///wAAACH5BAEAAAAALAAAAAABAAEAAAICRAEAOw==",$29.95
Dove,https://www.glassesshop.com/eyeglasses/fp1727,"data:image/gif;base64,R0lGODlhAQABAIAAAP///wAAACH5BAEAAAAALAAAAAABAAEAAAICRAEAOw==",$34.95
Dominic,https://www.glassesshop.com/eyeglasses/fp2151,"data:image/gif;base64,R0lGODlhAQABAIAAAP///wAAACH5BAEAAAAALAAAAAABAAEAAAICRAEAOw==",$12.95
Asheville,https://www.glassesshop.com/eyeglasses/fp1991,"data:image/gif;base64,R0lGODlhAQABAIAAAP///wAAACH5BAEAAAAALAAAAAABAAEAAAICRAEAOw==",$12.95
Fresno,https://www.glassesshop.com/eyeglasses/fp2038,"data:image/gif;base64,R0lGODlhAQABAIAAAP///wAAACH5BAEAAAAALAAAAAABAAEAAAICRAEAOw==",$12.95
Wilker,https://www.glassesshop.com/eyeglasses/sup0622,"data:image/gif;base64,R0lGODlhAQABAIAAAP///wAAACH5BAEAAAAALAAAAAABAAEAAAICRAEAOw==",$29.95
Niki,https://www.glassesshop.com/eyeglasses/fp2490,"data:image/gif;base64,R0lGODlhAQABAIAAAP///wAAACH5BAEAAAAALAAAAAABAAEAAAICRAEAOw==",$24.95
Uvalde,https://www.glassesshop.com/eyeglasses/sup1074,"data:image/gif;base64,R0lGODlhAQABAIAAAP///wAAACH5BAEAAAAALAAAAAABAAEAAAICRAEAOw==",$9.95
Althea,https://www.glassesshop.com/eyeglasses/fp2111,"data:image/gif;base64,R0lGODlhAQABAIAAAP///wAAACH5BAEAAAAALAAAAAABAAEAAAICRAEAOw==",$19.95
Megan,https://www.glassesshop.com/eyeglasses/sup0828,"data:image/gif;base64,R0lGODlhAQABAIAAAP///wAAACH5BAEAAAAALAAAAAABAAEAAAICRAEAOw==",$29.95
Endicott,https://www.glassesshop.com/eyeglasses/fz1392,"data:image/gif;base64,R0lGODlhAQABAIAAAP///wAAACH5BAEAAAAALAAAAAABAAEAAAICRAEAOw==",$29.95
Willie,https://www.glassesshop.com/eyeglasses/sm0862,"data:image/gif;base64,R0lGODlhAQABAIAAAP///wAAACH5BAEAAAAALAAAAAABAAEAAAICRAEAOw==",$19.95
Baldwin,https://www.glassesshop.com/eyeglasses/fp1619,"data:image/gif;base64,R0lGODlhAQABAIAAAP///wAAACH5BAEAAAAALAAAAAABAAEAAAICRAEAOw==",$19.95
Aubrey,https://www.glassesshop.com/eyeglasses/fm1711,"data:image/gif;base64,R0lGODlhAQABAIAAAP///wAAACH5BAEAAAAALAAAAAABAAEAAAICRAEAOw==",$24.95
Astrid,https://www.glassesshop.com/eyeglasses/fp1500,"data:image/gif;base64,R0lGODlhAQABAIAAAP///wAAACH5BAEAAAAALAAAAAABAAEAAAICRAEAOw==",$19.95
Hume,https://www.glassesshop.com/eyeglasses/fz1297,"data:image/gif;base64,R0lGODlhAQABAIAAAP///wAAACH5BAEAAAAALAAAAAABAAEAAAICRAEAOw==",$29.95
Alberta,https://www.glassesshop.com/eyeglasses/fp2319,"data:image/gif;base64,R0lGODlhAQABAIAAAP///wAAACH5BAEAAAAALAAAAAABAAEAAAICRAEAOw==",$9.95
Enoch,https://www.glassesshop.com/eyeglasses/fz1159,"data:image/gif;base64,R0lGODlhAQABAIAAAP///wAAACH5BAEAAAAALAAAAAABAAEAAAICRAEAOw==",$29.95
Michelle,https://www.glassesshop.com/eyeglasses/sup1175,"data:image/gif;base64,R0lGODlhAQABAIAAAP///wAAACH5BAEAAAAALAAAAAABAAEAAAICRAEAOw==",$29.95
Troy,https://www.glassesshop.com/eyeglasses/sup0907,"data:image/gif;base64,R0lGODlhAQABAIAAAP///wAAACH5BAEAAAAALAAAAAABAAEAAAICRAEAOw==",$24.95
Bernardino,https://www.glassesshop.com/eyeglasses/sup0749,"data:image/gif;base64,R0lGODlhAQABAIAAAP///wAAACH5BAEAAAAALAAAAAABAAEAAAICRAEAOw==",$24.95
Jacksonville,https://www.glassesshop.com/eyeglasses/fp2183,"data:image/gif;base64,R0lGODlhAQABAIAAAP///wAAACH5BAEAAAAALAAAAAABAAEAAAICRAEAOw==",$19.95
,,,
,,,
Bray,https://www.glassesshop.com/eyeglasses/fp1922,"data:image/gif;base64,R0lGODlhAQABAIAAAP///wAAACH5BAEAAAAALAAAAAABAAEAAAICRAEAOw==",$12.95
Genevieve,https://www.glassesshop.com/eyeglasses/fz1270,"data:image/gif;base64,R0lGODlhAQABAIAAAP///wAAACH5BAEAAAAALAAAAAABAAEAAAICRAEAOw==",$34.95
Watertown,https://www.glassesshop.com/eyeglasses/fp1804,"data:image/gif;base64,R0lGODlhAQABAIAAAP///wAAACH5BAEAAAAALAAAAAABAAEAAAICRAEAOw==",$19.95
Riverside,https://www.glassesshop.com/eyeglasses/fm1385,"data:image/gif;base64,R0lGODlhAQABAIAAAP///wAAACH5BAEAAAAALAAAAAABAAEAAAICRAEAOw==",$19.95
Pete,https://www.glassesshop.com/eyeglasses/fz1208,"data:image/gif;base64,R0lGODlhAQABAIAAAP///wAAACH5BAEAAAAALAAAAAABAAEAAAICRAEAOw==",$29.95
Joni,https://www.glassesshop.com/eyeglasses/fp2024,"data:image/gif;base64,R0lGODlhAQABAIAAAP///wAAACH5BAEAAAAALAAAAAABAAEAAAICRAEAOw==",$29.95
,,,
Gaskell,https://www.glassesshop.com/eyeglasses/sup0568,"data:image/gif;base64,R0lGODlhAQABAIAAAP///wAAACH5BAEAAAAALAAAAAABAAEAAAICRAEAOw==",$29.95
Omar,https://www.glassesshop.com/eyeglasses/fm1271,"data:image/gif;base64,R0lGODlhAQABAIAAAP///wAAACH5BAEAAAAALAAAAAABAAEAAAICRAEAOw==",$19.95
Roanoke,https://www.glassesshop.com/eyeglasses/sup1005,"data:image/gif;base64,R0lGODlhAQABAIAAAP///wAAACH5BAEAAAAALAAAAAABAAEAAAICRAEAOw==",$19.95
Chamomile,https://www.glassesshop.com/eyeglasses/sup1280,"data:image/gif;base64,R0lGODlhAQABAIAAAP///wAAACH5BAEAAAAALAAAAAABAAEAAAICRAEAOw==",$24.95
Annabelle,https://www.glassesshop.com/eyeglasses/fp2086,"data:image/gif;base64,R0lGODlhAQABAIAAAP///wAAACH5BAEAAAAALAAAAAABAAEAAAICRAEAOw==",$24.95
Trista,https://www.glassesshop.com/eyeglasses/sup1007,"data:image/gif;base64,R0lGODlhAQABAIAAAP///wAAACH5BAEAAAAALAAAAAABAAEAAAICRAEAOw==",$44.95
,,,
Vogt,https://www.glassesshop.com/eyeglasses/fz1320,"data:image/gif;base64,R0lGODlhAQABAIAAAP///wAAACH5BAEAAAAALAAAAAABAAEAAAICRAEAOw==",$29.95
Owensboro,https://www.glassesshop.com/eyeglasses/fp2195,"data:image/gif;base64,R0lGODlhAQABAIAAAP///wAAACH5BAEAAAAALAAAAAABAAEAAAICRAEAOw==",$12.95
Kitty,https://www.glassesshop.com/eyeglasses/fz1658,"data:image/gif;base64,R0lGODlhAQABAIAAAP///wAAACH5BAEAAAAALAAAAAABAAEAAAICRAEAOw==",$29.95
,,,
Hedy,https://www.glassesshop.com/eyeglasses/fz1734,"data:image/gif;base64,R0lGODlhAQABAIAAAP///wAAACH5BAEAAAAALAAAAAABAAEAAAICRAEAOw==",$14.98
Mark,https://www.glassesshop.com/eyeglasses/sm0937,"data:image/gif;base64,R0lGODlhAQABAIAAAP///wAAACH5BAEAAAAALAAAAAABAAEAAAICRAEAOw==",$29.95
Belle,https://www.glassesshop.com/eyeglasses/fp1768,"data:image/gif;base64,R0lGODlhAQABAIAAAP///wAAACH5BAEAAAAALAAAAAABAAEAAAICRAEAOw==",$19.95
Jean,https://www.glassesshop.com/eyeglasses/fp1717,"data:image/gif;base64,R0lGODlhAQABAIAAAP///wAAACH5BAEAAAAALAAAAAABAAEAAAICRAEAOw==",$24.95
Elroy,https://www.glassesshop.com/eyeglasses/sup1014,"data:image/gif;base64,R0lGODlhAQABAIAAAP///wAAACH5BAEAAAAALAAAAAABAAEAAAICRAEAOw==",$29.95
Grover,https://www.glassesshop.com/eyeglasses/fp1730,"data:image/gif;base64,R0lGODlhAQABAIAAAP///wAAACH5BAEAAAAALAAAAAABAAEAAAICRAEAOw==",$34.95
Evansville,https://www.glassesshop.com/eyeglasses/fp1363,"data:image/gif;base64,R0lGODlhAQABAIAAAP///wAAACH5BAEAAAAALAAAAAABAAEAAAICRAEAOw==",$19.95
TerreHaute,https://www.glassesshop.com/eyeglasses/sup1203,"data:image/gif;base64,R0lGODlhAQABAIAAAP///wAAACH5BAEAAAAALAAAAAABAAEAAAICRAEAOw==",$19.95
Dubois,https://www.glassesshop.com/eyeglasses/ft0326,"data:image/gif;base64,R0lGODlhAQABAIAAAP///wAAACH5BAEAAAAALAAAAAABAAEAAAICRAEAOw==",$49.95
,,,
Lopez,https://www.glassesshop.com/eyeglasses/fm1192,"data:image/gif;base64,R0lGODlhAQABAIAAAP///wAAACH5BAEAAAAALAAAAAABAAEAAAICRAEAOw==",$12.95
Debby,https://www.glassesshop.com/eyeglasses/fz1768,"data:image/gif;base64,R0lGODlhAQABAIAAAP///wAAACH5BAEAAAAALAAAAAABAAEAAAICRAEAOw==",$29.95
Felix,https://www.glassesshop.com/eyeglasses/fp1724,"data:image/gif;base64,R0lGODlhAQABAIAAAP///wAAACH5BAEAAAAALAAAAAABAAEAAAICRAEAOw==",$19.95
Rochester,https://www.glassesshop.com/eyeglasses/fm1382,"data:image/gif;base64,R0lGODlhAQABAIAAAP///wAAACH5BAEAAAAALAAAAAABAAEAAAICRAEAOw==",$29.95
Labrador,https://www.glassesshop.com/eyeglasses/fp1988,"data:image/gif;base64,R0lGODlhAQABAIAAAP///wAAACH5BAEAAAAALAAAAAABAAEAAAICRAEAOw==",$12.95
Arlene,https://www.glassesshop.com/eyeglasses/fp1764,"data:image/gif;base64,R0lGODlhAQABAIAAAP///wAAACH5BAEAAAAALAAAAAABAAEAAAICRAEAOw==",$24.95
Road,https://www.glassesshop.com/eyeglasses/spfm020,"data:image/gif;base64,R0lGODlhAQABAIAAAP///wAAACH5BAEAAAAALAAAAAABAAEAAAICRAEAOw==",$29.95
Bainbridge,https://www.glassesshop.com/eyeglasses/fp2186,"data:image/gif;base64,R0lGODlhAQABAIAAAP///wAAACH5BAEAAAAALAAAAAABAAEAAAICRAEAOw==",$19.95
Conrad,https://www.glassesshop.com/eyeglasses/sm0942,"data:image/gif;base64,R0lGODlhAQABAIAAAP///wAAACH5BAEAAAAALAAAAAABAAEAAAICRAEAOw==",$24.95
Jackson,https://www.glassesshop.com/eyeglasses/fp2248,"data:image/gif;base64,R0lGODlhAQABAIAAAP///wAAACH5BAEAAAAALAAAAAABAAEAAAICRAEAOw==",$24.95
Holt,https://www.glassesshop.com/eyeglasses/fp1401,"data:image/gif;base64,R0lGODlhAQABAIAAAP///wAAACH5BAEAAAAALAAAAAABAAEAAAICRAEAOw==",$19.95
Miranda,https://www.glassesshop.com/eyeglasses/fp2325,"data:image/gif;base64,R0lGODlhAQABAIAAAP///wAAACH5BAEAAAAALAAAAAABAAEAAAICRAEAOw==",$19.95
Mandy,https://www.glassesshop.com/eyeglasses/fz1090,"data:image/gif;base64,R0lGODlhAQABAIAAAP///wAAACH5BAEAAAAALAAAAAABAAEAAAICRAEAOw==",$29.95
Lambert,https://www.glassesshop.com/eyeglasses/fm1087,"data:image/gif;base64,R0lGODlhAQABAIAAAP///wAAACH5BAEAAAAALAAAAAABAAEAAAICRAEAOw==",$39.95
Martin,https://www.glassesshop.com/eyeglasses/sm0793,"data:image/gif;base64,R0lGODlhAQABAIAAAP///wAAACH5BAEAAAAALAAAAAABAAEAAAICRAEAOw==",$29.95
Barret,https://www.glassesshop.com/eyeglasses/fm1565,"data:image/gif;base64,R0lGODlhAQABAIAAAP///wAAACH5BAEAAAAALAAAAAABAAEAAAICRAEAOw==",$29.95
Joyce,https://www.glassesshop.com/eyeglasses/fp1505,"data:image/gif;base64,R0lGODlhAQABAIAAAP///wAAACH5BAEAAAAALAAAAAABAAEAAAICRAEAOw==",$19.95
Jerry,https://www.glassesshop.com/eyeglasses/fp1593,"data:image/gif;base64,R0lGODlhAQABAIAAAP///wAAACH5BAEAAAAALAAAAAABAAEAAAICRAEAOw==",$24.95
Orleans,https://www.glassesshop.com/eyeglasses/ft0459,"data:image/gif;base64,R0lGODlhAQABAIAAAP///wAAACH5BAEAAAAALAAAAAABAAEAAAICRAEAOw==",$49.95
Attis,https://www.glassesshop.com/eyeglasses/fm1394,"data:image/gif;base64,R0lGODlhAQABAIAAAP///wAAACH5BAEAAAAALAAAAAABAAEAAAICRAEAOw==",$24.95
Terre,https://www.glassesshop.com/eyeglasses/rm0247,"data:image/gif;base64,R0lGODlhAQABAIAAAP///wAAACH5BAEAAAAALAAAAAABAAEAAAICRAEAOw==",$32.95
Ames,https://www.glassesshop.com/eyeglasses/fz1918,"data:image/gif;base64,R0lGODlhAQABAIAAAP///wAAACH5BAEAAAAALAAAAAABAAEAAAICRAEAOw==",$29.95
Union,https://www.glassesshop.com/eyeglasses/fz1750,"data:image/gif;base64,R0lGODlhAQABAIAAAP///wAAACH5BAEAAAAALAAAAAABAAEAAAICRAEAOw==",$35.95
Egbert,https://www.glassesshop.com/eyeglasses/rm0288,"data:image/gif;base64,R0lGODlhAQABAIAAAP///wAAACH5BAEAAAAALAAAAAABAAEAAAICRAEAOw==",$54.95
Naperville,https://www.glassesshop.com/eyeglasses/fp2191,"data:image/gif;base64,R0lGODlhAQABAIAAAP///wAAACH5BAEAAAAALAAAAAABAAEAAAICRAEAOw==",$12.95
Woolf,https://www.glassesshop.com/eyeglasses/fp2491,"data:image/gif;base64,R0lGODlhAQABAIAAAP///wAAACH5BAEAAAAALAAAAAABAAEAAAICRAEAOw==",$24.95
Matthew,https://www.glassesshop.com/eyeglasses/sm0753,"data:image/gif;base64,R0lGODlhAQABAIAAAP///wAAACH5BAEAAAAALAAAAAABAAEAAAICRAEAOw==",$39.95
Niagara,https://www.glassesshop.com/eyeglasses/ft0525,"data:image/gif;base64,R0lGODlhAQABAIAAAP///wAAACH5BAEAAAAALAAAAAABAAEAAAICRAEAOw==",$45.95
Vanessa,https://www.glassesshop.com/eyeglasses/fp2565,"data:image/gif;base64,R0lGODlhAQABAIAAAP///wAAACH5BAEAAAAALAAAAAABAAEAAAICRAEAOw==",$24.95
Pangnirtung,https://www.glassesshop.com/eyeglasses/sup1234,"data:image/gif;base64,R0lGODlhAQABAIAAAP///wAAACH5BAEAAAAALAAAAAABAAEAAAICRAEAOw==",$34.95
Ely,https://www.glassesshop.com/eyeglasses/sup0997,"data:image/gif;base64,R0lGODlhAQABAIAAAP///wAAACH5BAEAAAAALAAAAAABAAEAAAICRAEAOw==",$29.95
Altoona,https://www.glassesshop.com/eyeglasses/fz1913,"data:image/gif;base64,R0lGODlhAQABAIAAAP///wAAACH5BAEAAAAALAAAAAABAAEAAAICRAEAOw==",$29.95
Coolidge,https://www.glassesshop.com/eyeglasses/fp1168,"data:image/gif;base64,R0lGODlhAQABAIAAAP///wAAACH5BAEAAAAALAAAAAABAAEAAAICRAEAOw==",$5.95
Norfolk,https://www.glassesshop.com/eyeglasses/fm1462,"data:image/gif;base64,R0lGODlhAQABAIAAAP///wAAACH5BAEAAAAALAAAAAABAAEAAAICRAEAOw==",$34.95
Sid,https://www.glassesshop.com/eyeglasses/sup0509,"data:image/gif;base64,R0lGODlhAQABAIAAAP///wAAACH5BAEAAAAALAAAAAABAAEAAAICRAEAOw==",$34.95
Buckeye,https://www.glassesshop.com/eyeglasses/fz1094,"data:image/gif;base64,R0lGODlhAQABAIAAAP///wAAACH5BAEAAAAALAAAAAABAAEAAAICRAEAOw==",$29.95
,,,
,,,
Lina,https://www.glassesshop.com/eyeglasses/fz1806,"data:image/gif;base64,R0lGODlhAQABAIAAAP///wAAACH5BAEAAAAALAAAAAABAAEAAAICRAEAOw==",$29.95
Lindsay,https://www.glassesshop.com/eyeglasses/fz1382,"data:image/gif;base64,R0lGODlhAQABAIAAAP///wAAACH5BAEAAAAALAAAAAABAAEAAAICRAEAOw==",$29.95
Abina,https://www.glassesshop.com/eyeglasses/fp1938,"data:image/gif;base64,R0lGODlhAQABAIAAAP///wAAACH5BAEAAAAALAAAAAABAAEAAAICRAEAOw==",$19.95
Stephen,https://www.glassesshop.com/eyeglasses/sm0896,"data:image/gif;base64,R0lGODlhAQABAIAAAP///wAAACH5BAEAAAAALAAAAAABAAEAAAICRAEAOw==",$12.95
Zenobia,https://www.glassesshop.com/eyeglasses/sup1229,"data:image/gif;base64,R0lGODlhAQABAIAAAP///wAAACH5BAEAAAAALAAAAAABAAEAAAICRAEAOw==",$24.94
Caroline,https://www.glassesshop.com/eyeglasses/fm1588,"data:image/gif;base64,R0lGODlhAQABAIAAAP///wAAACH5BAEAAAAALAAAAAABAAEAAAICRAEAOw==",$19.95
,,,
Payne,https://www.glassesshop.com/eyeglasses/fm1297,"data:image/gif;base64,R0lGODlhAQABAIAAAP///wAAACH5BAEAAAAALAAAAAABAAEAAAICRAEAOw==",$29.95
Owen,https://www.glassesshop.com/eyeglasses/fp1651,"data:image/gif;base64,R0lGODlhAQABAIAAAP///wAAACH5BAEAAAAALAAAAAABAAEAAAICRAEAOw==",$19.95
Mobile,https://www.glassesshop.com/eyeglasses/ft0360,"data:image/gif;base64,R0lGODlhAQABAIAAAP///wAAACH5BAEAAAAALAAAAAABAAEAAAICRAEAOw==",$39.95
Ethel,https://www.glassesshop.com/eyeglasses/fp2546,"data:image/gif;base64,R0lGODlhAQABAIAAAP///wAAACH5BAEAAAAALAAAAAABAAEAAAICRAEAOw==",$24.95
Monterey,https://www.glassesshop.com/eyeglasses/sup1183,"data:image/gif;base64,R0lGODlhAQABAIAAAP///wAAACH5BAEAAAAALAAAAAABAAEAAAICRAEAOw==",$19.95
Geraldine,https://www.glassesshop.com/eyeglasses/sup1251,"data:image/gif;base64,R0lGODlhAQABAIAAAP///wAAACH5BAEAAAAALAAAAAABAAEAAAICRAEAOw==",$29.95
,,,
Marlowe,https://www.glassesshop.com/eyeglasses/sup0711,"data:image/gif;base64,R0lGODlhAQABAIAAAP///wAAACH5BAEAAAAALAAAAAABAAEAAAICRAEAOw==",$19.95
Hillsborough,https://www.glassesshop.com/eyeglasses/fp0989,"data:image/gif;base64,R0lGODlhAQABAIAAAP///wAAACH5BAEAAAAALAAAAAABAAEAAAICRAEAOw==",$19.95
Fitchburg,https://www.glassesshop.com/eyeglasses/fp2390,"data:image/gif;base64,R0lGODlhAQABAIAAAP///wAAACH5BAEAAAAALAAAAAABAAEAAAICRAEAOw==",$24.95
,,,
Wilsen,https://www.glassesshop.com/eyeglasses/fz1315,"data:image/gif;base64,R0lGODlhAQABAIAAAP///wAAACH5BAEAAAAALAAAAAABAAEAAAICRAEAOw==",$29.95
Nicole,https://www.glassesshop.com/eyeglasses/fz1083,"data:image/gif;base64,R0lGODlhAQABAIAAAP///wAAACH5BAEAAAAALAAAAAABAAEAAAICRAEAOw==",$29.95
BowlingGreen,https://www.glassesshop.com/eyeglasses/fp0917,"data:image/gif;base64,R0lGODlhAQABAIAAAP///wAAACH5BAEAAAAALAAAAAABAAEAAAICRAEAOw==",$29.95
Huntsville,https://www.glassesshop.com/eyeglasses/sup1077,"data:image/gif;base64,R0lGODlhAQABAIAAAP///wAAACH5BAEAAAAALAAAAAABAAEAAAICRAEAOw==",$29.95
Yvette,https://www.glassesshop.com/eyeglasses/fp2561,"data:image/gif;base64,R0lGODlhAQABAIAAAP///wAAACH5BAEAAAAALAAAAAABAAEAAAICRAEAOw==",$24.94
Creston,https://www.glassesshop.com/eyeglasses/fz1687,"data:image/gif;base64,R0lGODlhAQABAIAAAP///wAAACH5BAEAAAAALAAAAAABAAEAAAICRAEAOw==",$29.95
John,https://www.glassesshop.com/eyeglasses/fm1669,"data:image/gif;base64,R0lGODlhAQABAIAAAP///wAAACH5BAEAAAAALAAAAAABAAEAAAICRAEAOw==",$29.95
Yonkers,https://www.glassesshop.com/eyeglasses/fp1986,"data:image/gif;base64,R0lGODlhAQABAIAAAP///wAAACH5BAEAAAAALAAAAAABAAEAAAICRAEAOw==",$12.95
Hawthorn,https://www.glassesshop.com/eyeglasses/fm1350,"data:image/gif;base64,R0lGODlhAQABAIAAAP///wAAACH5BAEAAAAALAAAAAABAAEAAAICRAEAOw==",$29.95
,,,
Osborn,https://www.glassesshop.com/eyeglasses/fz1710,"data:image/gif;base64,R0lGODlhAQABAIAAAP///wAAACH5BAEAAAAALAAAAAABAAEAAAICRAEAOw==",$34.95
Marcia,https://www.glassesshop.com/eyeglasses/fp2557,"data:image/gif;base64,R0lGODlhAQABAIAAAP///wAAACH5BAEAAAAALAAAAAABAAEAAAICRAEAOw==",$24.95
Robben,https://www.glassesshop.com/eyeglasses/ft0242,"data:image/gif;base64,R0lGODlhAQABAIAAAP///wAAACH5BAEAAAAALAAAAAABAAEAAAICRAEAOw==",$39.95
Barstow,https://www.glassesshop.com/eyeglasses/sup1092,"data:image/gif;base64,R0lGODlhAQABAIAAAP///wAAACH5BAEAAAAALAAAAAABAAEAAAICRAEAOw==",$29.95
Poppy,https://www.glassesshop.com/eyeglasses/fz1573,"data:image/gif;base64,R0lGODlhAQABAIAAAP///wAAACH5BAEAAAAALAAAAAABAAEAAAICRAEAOw==",$29.95
Adam,https://www.glassesshop.com/eyeglasses/fp1543,"data:image/gif;base64,R0lGODlhAQABAIAAAP///wAAACH5BAEAAAAALAAAAAABAAEAAAICRAEAOw==",$24.95
Elva,https://www.glassesshop.com/eyeglasses/fp2453,"data:image/gif;base64,R0lGODlhAQABAIAAAP///wAAACH5BAEAAAAALAAAAAABAAEAAAICRAEAOw==",$24.95
Wilcox,https://www.glassesshop.com/eyeglasses/fp2494,"data:image/gif;base64,R0lGODlhAQABAIAAAP///wAAACH5BAEAAAAALAAAAAABAAEAAAICRAEAOw==",$24.95
Zora,https://www.glassesshop.com/eyeglasses/sup1235,"data:image/gif;base64,R0lGODlhAQABAIAAAP///wAAACH5BAEAAAAALAAAAAABAAEAAAICRAEAOw==",$29.95
Rouge,https://www.glassesshop.com/eyeglasses/fm1573,"data:image/gif;base64,R0lGODlhAQABAIAAAP///wAAACH5BAEAAAAALAAAAAABAAEAAAICRAEAOw==",$12.95
Baltimore,https://www.glassesshop.com/eyeglasses/fp2109,"data:image/gif;base64,R0lGODlhAQABAIAAAP///wAAACH5BAEAAAAALAAAAAABAAEAAAICRAEAOw==",$19.95
Newark,https://www.glassesshop.com/eyeglasses/fm1372,"data:image/gif;base64,R0lGODlhAQABAIAAAP///wAAACH5BAEAAAAALAAAAAABAAEAAAICRAEAOw==",$24.95
Lagrange,https://www.glassesshop.com/eyeglasses/fz1858,"data:image/gif;base64,R0lGODlhAQABAIAAAP///wAAACH5BAEAAAAALAAAAAABAAEAAAICRAEAOw==",$29.95
Salisbury,https://www.glassesshop.com/eyeglasses/fp2105,"data:image/gif;base64,R0lGODlhAQABAIAAAP///wAAACH5BAEAAAAALAAAAAABAAEAAAICRAEAOw==",$19.95
Bowen,https://www.glassesshop.com/eyeglasses/sm0903,"data:image/gif;base64,R0lGODlhAQABAIAAAP///wAAACH5BAEAAAAALAAAAAABAAEAAAICRAEAOw==",$29.95
AnnArbor,https://www.glassesshop.com/eyeglasses/rm0310,"data:image/gif;base64,R0lGODlhAQABAIAAAP///wAAACH5BAEAAAAALAAAAAABAAEAAAICRAEAOw==",$29.95
Iowa,https://www.glassesshop.com/eyeglasses/fz1015,"data:image/gif;base64,R0lGODlhAQABAIAAAP///wAAACH5BAEAAAAALAAAAAABAAEAAAICRAEAOw==",$29.95
Doris,https://www.glassesshop.com/eyeglasses/fp2526,"data:image/gif;base64,R0lGODlhAQABAIAAAP///wAAACH5BAEAAAAALAAAAAABAAEAAAICRAEAOw==",$29.95
Bellevue,https://www.glassesshop.com/eyeglasses/fz1892,"data:image/gif;base64,R0lGODlhAQABAIAAAP///wAAACH5BAEAAAAALAAAAAABAAEAAAICRAEAOw==",$29.95
Orlando,https://www.glassesshop.com/eyeglasses/fp2270,"data:image/gif;base64,R0lGODlhAQABAIAAAP///wAAACH5BAEAAAAALAAAAAABAAEAAAICRAEAOw==",$12.95
Hopkinsville,https://www.glassesshop.com/eyeglasses/ft0465,"data:image/gif;base64,R0lGODlhAQABAIAAAP///wAAACH5BAEAAAAALAAAAAABAAEAAAICRAEAOw==",$44.95
Barlow,https://www.glassesshop.com/eyeglasses/sm0933,"data:image/gif;base64,R0lGODlhAQABAIAAAP///wAAACH5BAEAAAAALAAAAAABAAEAAAICRAEAOw==",$29.95
Glenview,https://www.glassesshop.com/eyeglasses/ft0364,"data:image/gif;base64,R0lGODlhAQABAIAAAP///wAAACH5BAEAAAAALAAAAAABAAEAAAICRAEAOw==",$49.95
Bobosa,https://www.glassesshop.com/eyeglasses/fz1374,"data:image/gif;base64,R0lGODlhAQABAIAAAP///wAAACH5BAEAAAAALAAAAAABAAEAAAICRAEAOw==",$29.95
Westlake,https://www.glassesshop.com/eyeglasses/fz1437,"data:image/gif;base64,R0lGODlhAQABAIAAAP///wAAACH5BAEAAAAALAAAAAABAAEAAAICRAEAOw==",$44.95
Cedric,https://www.glassesshop.com/eyeglasses/fm1715,"data:image/gif;base64,R0lGODlhAQABAIAAAP///wAAACH5BAEAAAAALAAAAAABAAEAAAICRAEAOw==",$24.95
Cloud,https://www.glassesshop.com/eyeglasses/sup1239,"data:image/gif;base64,R0lGODlhAQABAIAAAP///wAAACH5BAEAAAAALAAAAAABAAEAAAICRAEAOw==",$45.95
Mandel,https://www.glassesshop.com/eyeglasses/st0257,"data:image/gif;base64,R0lGODlhAQABAIAAAP///wAAACH5BAEAAAAALAAAAAABAAEAAAICRAEAOw==",$49.95
Kissimmee,https://www.glassesshop.com/eyeglasses/fz1561,"data:image/gif;base64,R0lGODlhAQABAIAAAP///wAAACH5BAEAAAAALAAAAAABAAEAAAICRAEAOw==",$12.95
Gadsden,https://www.glassesshop.com/eyeglasses/rm0304,"data:image/gif;base64,R0lGODlhAQABAIAAAP///wAAACH5BAEAAAAALAAAAAABAAEAAAICRAEAOw==",$29.95
Celeste,https://www.glassesshop.com/eyeglasses/fm1471,"data:image/gif;base64,R0lGODlhAQABAIAAAP///wAAACH5BAEAAAAALAAAAAABAAEAAAICRAEAOw==",$34.95
Teresa,https://www.glassesshop.com/eyeglasses/sup1006,"data:image/gif;base64,R0lGODlhAQABAIAAAP///wAAACH5BAEAAAAALAAAAAABAAEAAAICRAEAOw==",$29.95
Audrey,https://www.glassesshop.com/eyeglasses/fp2100,"data:image/gif;base64,R0lGODlhAQABAIAAAP///wAAACH5BAEAAAAALAAAAAABAAEAAAICRAEAOw==",$0.99
Benjamin,https://www.glassesshop.com/eyeglasses/fm1465,"data:image/gif;base64,R0lGODlhAQABAIAAAP///wAAACH5BAEAAAAALAAAAAABAAEAAAICRAEAOw==",$29.95
Waukegan,https://www.glassesshop.com/eyeglasses/fz1900,"data:image/gif;base64,R0lGODlhAQABAIAAAP///wAAACH5BAEAAAAALAAAAAABAAEAAAICRAEAOw==",$29.95
Charlotte,https://www.glassesshop.com/eyeglasses/sup1217,"data:image/gif;base64,R0lGODlhAQABAIAAAP///wAAACH5BAEAAAAALAAAAAABAAEAAAICRAEAOw==",$29.95
,,,
,,,
Nina,https://www.glassesshop.com/eyeglasses/fz1793,"data:image/gif;base64,R0lGODlhAQABAIAAAP///wAAACH5BAEAAAAALAAAAAABAAEAAAICRAEAOw==",$19.95
Alvin,https://www.glassesshop.com/eyeglasses/ft0558,"data:image/gif;base64,R0lGODlhAQABAIAAAP///wAAACH5BAEAAAAALAAAAAABAAEAAAICRAEAOw==",$54.95
Scranton,https://www.glassesshop.com/eyeglasses/ft0416,"data:image/gif;base64,R0lGODlhAQABAIAAAP///wAAACH5BAEAAAAALAAAAAABAAEAAAICRAEAOw==",$34.95
Manhattan,https://www.glassesshop.com/eyeglasses/ft0425,"data:image/gif;base64,R0lGODlhAQABAIAAAP///wAAACH5BAEAAAAALAAAAAABAAEAAAICRAEAOw==",$44.95
Peekskill,https://www.glassesshop.com/eyeglasses/ft0358,"data:image/gif;base64,R0lGODlhAQABAIAAAP///wAAACH5BAEAAAAALAAAAAABAAEAAAICRAEAOw==",$44.95
Edgar,https://www.glassesshop.com/eyeglasses/fm1608,"data:image/gif;base64,R0lGODlhAQABAIAAAP///wAAACH5BAEAAAAALAAAAAABAAEAAAICRAEAOw==",$35.95
,,,
Brunswick,https://www.glassesshop.com/eyeglasses/fm1017,"data:image/gif;base64,R0lGODlhAQABAIAAAP///wAAACH5BAEAAAAALAAAAAABAAEAAAICRAEAOw==",$29.95
